province;red;green;blue;x;x
1;1;99;20;datta;x
2;3;111;45;levuti;x
3;127;171;74;kinnunes;x
4;172;48;67;neomna;x
5;126;18;29;kayduna;x
6;3;102;50;karuti;x
7;129;207;74;dijasia;x
8;45;78;88;wukath;x
9;45;102;8;tamafa;x
10;171;99;27;kijus;x
11;1;69;220;ripac;x
12;45;30;38;raripac;x
13;169;144;47;kaham;x
14;88;12;61;kubasin;x
15;126;177;49;kukath;x
16;2;69;25;damur;x
17;171;153;7;wena;x
18;2;165;70;lomint;x
19;87;72;16;bamolad;x
20;171;180;92;sotogna;x
21;129;174;4;aguoja;x
22;171;12;77;rabdasin;x
23;129;129;74;kemyuan;x
24;3;72;45;bitoja;x
25;86;114;26;notosz;x
26;3;177;40;bakh;x
27;86;207;6;todena;x
28;43;126;73;kiegosz;x
29;126;36;19;lekeek;x
30;127;195;49;eponara;x
31;1;126;60;aponint;x
32;127;42;59;rirek;x
33;168;171;182;tuzniq;x
34;87;9;41;ruena;x
35;2;135;65;kanyula;x
36;87;0;46;waba;x
37;44;24;53;rubyuan;x
38;84;147;31;rasavak;x
39;84;135;71;qimyuan;x
40;44;66;18;wosirai;x
41;0;30;60;lefofie;x
42;168;129;12;rarofie;x
43;2;150;90;nilirai;x
44;168;63;72;roleter;x
45;87;12;6;ebozar;x
46;84;132;211;ebawyuan;x
47;44;63;53;nagutar;x
48;0;93;35;winuna;x
49;0;102;30;deineer;x
50;126;204;89;qanann;x
51;0;39;160;kathekko;x
52;85;12;96;nathilvi;x
53;171;63;37;toreth;x
54;43;144;63;qyon;x
55;42;111;38;ebayine;x
56;170;9;2;lumoyan;x
57;3;138;40;amubasin;x
58;170;207;77;rarasad;x
59;0;72;25;sosala;x
60;44;198;98;ranasad;x
61;127;66;79;qamavak;x
62;171;78;17;wohasad;x
63;172;135;17;bahala;x
64;0;165;5;rosucha;x
65;3;150;0;bemala;x
66;1;42;75;wamucha;x
67;130;96;4;abduan;x
68;0;15;80;rohurna;x
69;169;48;47;lamurna;x
70;87;87;96;rumyuan;x
71;2;75;55;dugua;x
72;0;96;205;ejosirai;x
73;169;42;17;wolach;x
74;42;126;63;tomuke;x
75;169;0;52;demogna;x
76;168;51;57;kumach;x
77;168;186;57;solas;x
78;1;102;85;qefaya;x
79;84;153;16;eguolas;x
80;128;177;59;titint;x
81;169;36;87;tasathi;x
82;2;66;60;tuit;x
83;168;54;22;deremha;x
84;87;30;51;abasava;x
85;87;18;91;qavava;x
86;168;108;207;navunda;x
87;0;156;10;byaqana;x
88;45;189;13;edosz;x
89;170;195;62;dadew;x
90;1;60;20;tyaquke;x
91;127;207;9;nuoja;x
92;87;135;91;avalena;x
93;2;123;50;diegawa;x
94;44;15;58;luke;x
95;170;30;12;tagenxiu;x
96;171;87;67;lilin;x
97;169;27;92;ratin;x
98;168;0;42;behahar;x
99;2;108;25;taluke;x
100;44;201;18;wuzana;x
101;42;84;98;sava;x
102;45;75;23;ejosari;x
103;46;117;43;todinde;x
104;129;69;9;keneram;x
105;44;111;3;sibeek;x
106;168;108;2;kimaus;x
107;45;45;18;rarid;x
108;170;111;32;raveir;x
109;0;138;65;qavari;x
110;87;195;1;kilaya;x
111;87;24;66;seek;x
112;170;45;92;dilory;x
113;84;165;76;niceter;x
114;84;138;36;tudoriy;x
115;0;180;85;satabha;x
116;170;36;42;ajanedu;x
117;171;24;92;tamaus;x
118;170;84;92;tudach;x
119;45;54;13;dudari;x
120;3;135;20;laiida;x
121;44;111;48;qibuigi;x
122;1;6;95;kanisam;x
123;170;132;87;lasidia;x
124;129;9;99;qanisam;x
125;45;102;63;datisam;x
126;168;174;42;kibanna;x
127;2;132;0;logah;x
128;45;0;88;torah;x
129;87;105;86;noraimur;x
130;4;36;65;rabolon;x
131;169;18;97;sabozin;x
132;172;21;27;danyuan;x
133;168;192;87;seted;x
134;1;129;130;lathutar;x
135;168;123;82;damalta;x
136;170;78;7;reupend;x
137;170;48;2;elaxying;x
138;43;90;83;duneir;x
139;2;153;55;walina;x
140;128;204;99;wemamini;x
141;168;3;62;nosucha;x
142;127;153;84;laryuan;x
143;169;96;97;bohasin;x
144;44;18;23;rahala;x
145;87;60;56;daxopluk;x
146;169;141;82;bounava;x
147;45;129;3;eskeram;x
148;127;12;54;wodabha;x
149;45;39;88;remaya;x
150;84;75;61;nant;x
151;126;180;219;seretin;x
152;168;165;47;ananyuan;x
153;169;30;57;kerefie;x
154;170;51;22;lefach;x
155;129;21;14;refaya;x
156;129;138;14;kobawa;x
157;2;147;80;qarimha;x
158;129;192;49;duzul;x
159;42;87;168;rani;x
160;85;123;66;tyaqani;x
161;168;93;77;ryaquke;x
162;168;15;22;renes;x
163;87;210;81;reneth;x
164;171;27;57;biudvi;x
165;1;63;85;laliel;x
166;3;195;85;lubella;x
167;86;84;21;nukani;x
168;43;180;98;agosz;x
169;127;177;4;ladeloan;x
170;44;87;28;qaxualis;x
171;128;138;59;wenda;x
172;168;132;77;rardus;x
173;130;153;49;wifoan;x
174;127;0;94;elella;x
175;172;105;12;qenes;x
176;128;84;34;sanint;x
177;168;99;7;qosz;x
178;43;84;53;bonirek;x
179;4;66;70;denes;x
180;1;189;90;katha;x
181;45;126;83;kavaha;x
182;171;207;32;enomamm;x
183;129;162;89;riklah;x
184;127;138;4;roj;x
185;129;132;39;koruna;x
186;126;135;29;niruin;x
187;45;9;83;beruin;x
188;44;168;93;eranann;x
189;42;24;88;weneuta;x
190;43;15;48;doreuta;x
191;127;9;89;asumoja;x
192;43;183;63;rumew;x
193;4;129;45;koja;x
194;127;27;129;kedenda;x
195;1;18;55;bodosz;x
196;129;177;69;ehjualis;x
197;169;66;92;ebieguke;x
198;128;207;19;qoruin;x
199;43;210;58;atodonne;x
200;86;24;11;eketul;x
201;169;87;47;sunasa;x
202;128;21;59;seir;x
203;2;192;10;wadiga;x
204;3;75;65;waraja;x
205;86;135;36;qeitek;x
206;2;171;0;teripaz;x
207;42;63;88;tint;x
208;130;150;84;kani;x
209;44;135;78;edavana;x
210;169;183;47;tukeir;x
211;169;204;207;evaleek;x
212;86;171;71;lenarma;x
213;88;69;6;wailm;x
214;0;18;45;todan;x
215;170;39;7;agawani;x
216;129;147;64;bodari;x
217;128;24;69;rilolas;x
218;169;114;87;seodor;x
219;171;135;62;sicach;x
220;84;195;81;deodat;x
221;42;21;23;leupeir;x
222;168;168;12;rayya;x
223;46;27;28;tavaus;x
224;1;51;25;qeodor;x
225;169;63;27;qoza;x
226;86;198;11;wopali;x
227;169;180;82;tael;x
228;128;81;69;sopael;x
229;128;72;19;ropilda;x
230;46;204;93;dyunilda;x
231;45;42;53;tanael;x
232;86;132;71;kotanjor;x
233;44;48;28;tadajan;x
234;128;9;44;ebayar;x
235;3;9;70;sizoj;x
236;169;207;67;qalofan;x
237;85;81;46;tikine;x
238;87;45;76;daloses;x
239;0;117;10;eradoj;x
240;3;15;55;lekirek;x
241;171;186;77;kifint;x
242;168;96;42;reka;x
243;126;93;64;kotara;x
244;2;81;85;qeoan;x
245;45;6;63;roja;x
246;168;33;67;ruke;x
247;170;99;72;rena;x
248;43;51;133;daxint;x
249;85;117;36;atena;x
250;1;93;90;kaba;x
251;1;138;75;sedoja;x
252;44;204;83;nalew;x
253;127;117;94;qint;x
254;3;54;55;dodew;x
255;129;150;29;kibew;x
256;129;159;79;naxiska;x
257;46;171;23;ruzoja;x
258;172;45;2;waratan;x
259;129;36;94;binnam;x
260;2;87;15;sararma;x
261;86;192;26;liboska;x
262;42;6;43;alibine;x
263;129;102;79;tasyana;x
264;43;39;23;raceda;x
265;85;6;11;karasia;x
266;85;189;6;kaday;x
267;43;75;58;wahed;x
268;88;159;21;aradilii;x
269;84;54;51;ravamm;x
270;126;207;54;kaudlan;x
271;85;45;11;kenalih;x
272;126;153;74;barahim;x
273;127;33;9;renulk;x
274;128;54;74;emarund;x
275;45;192;23;ronuwe;x
276;86;93;16;nalosye;x
277;0;12;15;tekinio;x
278;168;114;32;laryan;x
279;172;138;82;tasahim;x
280;170;102;37;ranida;x
281;168;111;172;dogah;x
282;0;99;65;eder-ija;x
283;1;105;50;kodona;x
284;128;27;34;damyula;x
285;171;81;82;lanna;x
286;170;45;37;dibisam;x
287;127;174;39;kaimaac;x
288;44;69;83;kucipac;x
289;84;51;86;tirita;x
290;42;39;68;rarandi;x
291;43;150;48;lasaran;x
292;126;171;19;kadeas;x
293;0;6;85;bakandi;x
294;0;150;80;wanona;x
295;3;171;55;sara;x
296;168;105;37;taregin;x
297;1;15;90;waisida;x
298;45;114;23;ekehah;x
299;0;174;55;rotobos;x
300;84;210;61;kumaod;x
301;171;90;77;qudrd;x
302;169;120;17;kazyula;x
303;44;9;73;lohille;x
304;86;72;61;lahipa;x
305;1;195;20;segudan;x
306;86;30;96;narandi;x
307;84;192;16;belobos;x
308;2;150;45;raod;x
309;169;204;57;wahina;x
310;170;90;22;lyaud;x
311;168;81;167;nohuone;x
312;42;168;83;tuo;x
313;168;30;47;nanana;x
314;128;192;39;ragega;x
315;4;3;95;bega;x
316;2;156;75;wyasovke;x
317;127;36;74;ekarille;x
318;43;210;3;qunahad;x
319;87;39;46;qekozar;x
320;45;96;78;toheka;x
321;85;78;36;qahovit;x
322;87;141;21;rihan;x
323;43;45;53;kalius;x
324;168;198;17;kunanka;x
325;44;168;48;ralipa;x
326;43;156;23;rinork;x
327;128;84;79;naidipa;x
328;0;141;30;kinipa;x
329;86;33;61;linipa;x
330;127;123;24;nadecca;x
331;3;108;80;ariami;x
332;85;45;66;akorgil;x
333;86;159;11;sakayada;x
334;169;147;12;araa;x
335;127;63;69;rigsi;x
336;1;171;45;wonik;x
337;171;156;72;tagazi;x
338;168;90;57;tohipa;x
339;42;57;163;nagiami;x
340;86;0;91;qadaret;x
341;171;159;37;edudrd;x
342;3;12;35;ekayada;x
343;171;108;22;nie;x
344;85;192;71;kakaret;x
345;126;72;54;takaret;x
346;127;189;19;tahaa;x
347;84;141;1;keer;x
348;84;189;51;asara;x
349;169;60;62;qazara;x
350;42;141;43;tiel;x
351;169;174;97;nauluke;x
352;126;96;29;kama;x
353;126;156;39;tamara;x
354;128;132;29;korazi;x
355;129;183;99;ekunatok;x
356;1;48;60;runapo;x
357;128;117;4;quleru;x
358;2;12;80;begille;x
359;0;69;165;rudan;x
360;84;186;86;asyana;x
361;126;51;99;riteka;x
362;84;174;71;karork;x
363;169;111;227;eneetana;x
364;2;93;45;lakisa;x
365;129;186;64;tisa;x
366;171;114;52;dezayor;x
367;44;114;13;ekepi;x
368;42;51;28;lijoman;x
369;46;141;18;rumaicu;x
370;2;129;35;wajaicu;x
371;43;117;128;waxohn;x
372;43;33;93;qiraud;x
373;127;129;54;tojan;x
374;3;147;35;qieleka;x
375;2;3;30;qorava;x
376;45;150;58;laufwar;x
377;126;3;49;taatun;x
378;45;159;53;bielan;x
379;46;150;13;lieltun;x
380;84;126;76;seinavi;x
381;168;21;157;lema;x
382;87;48;96;kakstu;x
383;2;66;5;andutar;x
384;128;174;49;noreye;x
385;128;111;19;aruju;x
386;84;105;171;kehosai;x
387;126;141;14;badudan;x
388;3;30;80;qosai;x
389;0;132;35;tamosai;x
390;87;117;1;kanoda;x
391;43;105;63;sududan;x
392;170;57;52;enahar;x
393;44;42;98;qahuda;x
394;127;51;54;wain;x
395;84;66;66;deluda;x
396;128;60;59;wurork;x
397;3;45;5;ehyer;x
398;44;126;28;lamacob;x
399;86;66;31;bulain;x
400;3;171;10;rakudan;x
401;45;138;98;qyaseka;x
402;171;75;52;womalo;x
403;86;39;91;najisa;x
404;169;51;67;tojita;x
405;127;24;14;koto;x
406;128;210;84;kararia;x
407;126;195;39;byasudan;x
408;127;150;64;domyi;x
409;168;159;17;kehelo;x
410;169;9;47;qanuo;x
411;45;171;68;kudan;x
412;85;84;11;korosai;x
413;2;30;25;norarde;x
414;171;36;52;kucho;x
415;169;108;57;bayasia;x
416;169;126;2;tawina;x
417;44;156;33;lasajan;x
418;171;120;37;qadobos;x
419;2;186;80;abenina;x
420;0;51;70;tadandi;x
421;44;78;78;rasasia;x
422;126;69;89;qahera;x
423;171;195;72;laarilii;x
424;3;75;10;enasata;x
425;85;51;96;kabar;x
426;3;57;20;banobos;x
427;86;69;41;kikandi;x
428;1;111;35;kajan;x
429;84;108;31;kareba;x
430;42;105;8;ekiraja;x
431;44;45;63;kelura;x
432;1;168;80;dakourou;x
433;171;111;87;rodandi;x
434;169;177;62;tabduida;x
435;84;45;161;ekarandi;x
436;126;144;79;sumuone;x
437;85;24;56;ekumasia;x
438;127;0;39;lyasozar;x
439;4;159;50;namijah;x
440;84;207;41;tecanna;x
441;129;42;24;revoor;x
442;1;117;65;dala;x
443;85;111;51;kabipa;x
444;1;96;55;teganca;x
445;43;153;13;taydam;x
446;44;72;48;tayduti;x
447;45;207;3;nelarma;x
448;84;75;166;regaham;x
449;129;36;39;rinnaim;x
450;84;39;26;baranca;x
451;127;204;44;dinita;x
452;88;78;1;acaad;x
453;42;138;78;beoek;x
454;0;66;95;kecumna;x
455;4;69;35;ramatas;x
456;171;123;47;latema;x
457;85;108;86;qegork;x
458;85;135;81;aroda;x
459;43;156;78;ruju;x
460;84;183;21;wawfiq;x
461;43;207;38;lodahim;x
462;128;120;69;nibona;x
463;86;99;46;enenla;x
464;43;60;33;kaluo;x
465;87;48;41;etsarde;x
466;2;102;95;karega;x
467;169;156;7;torita;x
468;127;105;34;tevakk;x
469;3;168;90;ryerassa;x
470;85;66;21;lyuvodis;x
471;1;147;70;kanavid;x
472;42;54;93;birania;x
473;88;192;91;kisodis;x
474;85;210;16;qay-ius;x
475;84;81;91;bamijah;x
476;127;189;64;wararam;x
477;127;84;24;tabafa;x
478;128;63;24;bimavak;x
479;172;201;57;abdoljo;x
480;43;30;73;kemath;x
481;3;78;30;nuboras;x
482;88;99;11;esohunno;x
483;170;39;62;amucacob;x
484;3;63;50;ecrerfn;x
485;45;69;38;kijipac;x
486;85;63;56;sucuko;x
487;85;99;91;robabib;x
488;84;6;56;nebierr;x
489;170;105;47;digund;x
490;172;198;92;ducaht;x
491;1;0;10;tusita;x
492;86;96;81;ebing;x
493;129;141;34;baraht;x
494;171;57;62;erogoljo;x
495;128;81;14;ejawasia;x
496;169;57;42;qarar;x
497;129;12;64;akojandi;x
498;1;132;90;rahelii;x
499;126;39;84;kasyeju;x
500;85;183;76;lodobos;x
501;1;138;20;belina;x
502;170;9;57;sakobos;x
503;129;69;64;wiraja;x
504;43;18;13;qelar;x
505;87;90;61;kanarie;x
506;127;63;219;kuberim;x
507;1;42;30;sanana;x
508;43;51;83;kurema;x
509;126;126;34;bulana;x
510;85;135;26;banoda;x
511;0;168;70;sulapo;x
512;87;114;36;kyaytok;x
513;170;129;22;kyyana;x
514;87;144;86;egajaria;x
515;1;210;45;etoda;x
516;169;111;77;dezork;x
517;86;189;16;saracob;x
518;168;141;72;tajacob;x
519;86;69;96;qajork;x
520;127;6;69;kajille;x
521;130;60;69;lekovke;x
522;2;39;20;tepi;x
523;44;39;78;ejayaman;x
524;2;51;80;qanorg;x
525;85;72;51;layaret;x
526;170;108;12;tagit;x
527;42;156;68;emumaret;x
528;87;87;41;navaicu;x
529;85;90;96;nanetar;x
530;87;192;36;kaxaret;x
531;168;9;92;tajinat;x
532;3;174;20;daador;x
533;127;72;64;toseka;x
534;42;204;223;bosathi;x
535;87;207;61;windudan;x
536;126;123;174;enduo;x
537;169;87;2;wunim;x
538;2;189;45;avasory;x
539;85;177;46;katong;x
540;85;141;56;relory;x
541;2;195;75;aksemn;x
542;3;210;10;tasong;x
543;0;54;35;beloda;x
544;86;30;41;belarde;x
545;84;18;16;keetdat;x
546;84;123;11;tapo;x
547;2;174;65;rinudan;x
548;127;165;44;ludan;x
549;129;117;59;lanucho;x
550;45;198;8;nadund;x
551;0;186;15;dehund;x
552;85;78;81;abodaret;x
553;126;6;14;tedine;x
554;87;183;41;wotoan;x
555;171;3;82;nahita;x
556;43;9;18;kumuko;x
557;129;72;29;eita;x
558;127;114;29;wyunoljo;x
559;0;33;25;taracob;x
560;43;189;48;sarerdeg;x
561;2;36;0;rarayla;x
562;85;180;11;leodis;x
563;1;33;130;numenda;x
564;168;207;12;doholjo;x
565;171;6;47;bajiuva;x
566;42;96;58;rubacob;x
567;2;63;95;banele;x
568;45;63;63;kamijah;x
569;86;102;11;qoanote;x
570;168;72;67;numius;x
571;46;54;68;korerre;x
572;169;210;32;dofaul;x
573;171;126;67;kalka;x
574;45;135;33;nemergun;x
575;44;120;98;loteis;x
576;128;126;99;sionadra;x
577;44;3;43;kaluzniq;x
578;42;33;83;kyayuo;x
579;43;42;88;kantay;x
580;42;132;48;daareda;x
581;3;15;0;kega;x
582;2;96;65;sonisa;x
583;168;180;72;ekega;x
584;3;18;65;akovke;x
585;126;57;29;kagins;x
586;45;3;53;qadaatun;x
587;170;120;27;tadinat;x
588;168;144;37;kevan;x
589;44;96;23;kojinat;x
590;172;171;52;qosita;x
591;127;75;29;edieltun;x
592;126;27;24;wajoa;x
593;169;57;97;qauftun;x
594;168;162;82;loran;x
595;172;84;2;bevan;x
596;169;177;17;kavaham;x
597;0;105;95;laydas;x
598;169;12;12;rindila;x
599;84;9;21;tavanca;x
600;129;18;49;rindettu;x
601;127;99;4;ermas;x
602;127;57;84;takalaf;x
603;3;54;0;toda;x
604;44;186;38;wanain;x
605;84;204;76;nuju;x
606;169;120;72;kamudan;x
607;170;72;77;emeleila;x
608;128;171;84;relarma;x
609;84;15;156;belanie;x
610;128;24;24;ninnanie;x
611;170;96;52;amucath;x
612;42;174;218;reraha;x
613;1;45;95;dana;x
614;170;36;97;suranu;x
615;126;192;74;raraya;x
616;126;123;69;egawama;x
617;169;195;7;neitek;x
618;126;150;214;buneek;x
619;43;120;88;katasa;x
620;126;45;69;elana;x
621;170;135;7;sekasa;x
622;171;39;17;karaya;x
623;84;33;96;afagew;x
624;169;105;92;taudoul;x
625;171;57;7;eroeler;x
626;86;183;86;qolawa;x
627;170;162;92;noche;x
628;128;69;54;lotona;x
629;127;198;14;echomeus;x
630;44;138;88;balayla;x
631;168;120;62;batha;x
632;85;75;71;beram;x
633;3;51;90;sani;x
634;43;36;58;tuneir;x
635;43;48;18;ekloger;x
636;42;177;78;rernine;x
637;127;117;144;eludeter;x
638;86;144;31;acoteek;x
639;129;90;19;satama;x
640;42;129;83;reodor;x
641;44;48;73;wayaka;x
642;127;192;84;wotani;x
643;44;0;78;bireodat;x
644;42;81;33;waiund;x
645;46;87;38;tatane;x
646;1;180;40;sekoul;x
647;42;114;3;riraus;x
648;45;162;73;dekuna;x
649;3;198;95;baxuin;x
650;128;54;29;rererai;x
651;43;93;48;qedideva;x
652;3;18;20;kobanga;x
653;85;36;16;ralint;x
654;127;96;39;daulaqar;x
655;169;75;87;asota;x
656;87;57;91;tenes;x
657;42;129;28;ramara;x
658;3;51;35;lekara;x
659;1;189;35;tonyula;x
660;85;27;21;rifegin;x
661;2;30;70;samenes;x
662;168;168;217;rotella;x
663;85;168;51;reimon;x
664;1;72;80;suew;x
665;170;165;12;dituke;x
666;3;192;65;libith;x
667;1;66;50;nodoja;x
668;128;180;24;nakarma;x
669;126;93;169;ranana;x
670;88;189;26;kuarani;x
671;129;87;54;tanabha;x
672;169;150;77;nunasa;x
673;127;9;34;rupo;x
674;4;153;20;lurana;x
675;45;6;18;raha;x
676;87;36;81;nunanu;x
677;88;45;31;amerama;x
678;171;0;17;dunache;x
679;87;150;71;kotujri;x
680;85;48;76;decalih;x
681;43;117;23;abaudin;x
682;127;90;54;dibew;x
683;42;15;93;bajoras;x
684;44;132;58;wubenda;x
685;43;147;83;najiuva;x
686;2;123;5;anaryla;x
687;4;6;60;tajiuva;x
688;1;162;95;rumoljo;x
689;88;42;66;rumuko;x
690;169;204;2;eranius;x
691;129;126;54;wanuko;x
692;85;87;31;waluko;x
693;4;156;85;rogijah;x
694;42;66;53;lyuviuva;x
695;128;141;79;ranca;x
696;169;24;27;kadicha;x
697;42;99;23;dadano;x
698;130;27;99;dofyan;x
699;42;93;93;ryoa;x
700;128;15;74;betille;x
701;42;171;48;naranna;x
702;88;129;16;tida;x
703;172;144;12;bibura;x
704;84;177;36;rananna;x
705;86;195;46;egaiija;x
706;87;75;81;roga;x
707;127;57;134;torazzaq;x
708;44;174;23;koraimur;x
709;2;177;30;qer-mur;x
710;0;39;55;nizahim;x
711;170;129;77;tizidia;x
712;4;102;5;rorona;x
713;129;6;34;rorura;x
714;84;69;31;qaregin;x
715;4;33;0;noguigi;x
716;171;207;87;kolon;x
717;169;210;87;naran;x
718;1;192;55;kanar;x
719;126;87;34;kulay;x
720;168;189;22;korakh;x
721;128;150;74;rerund;x
722;170;204;12;weinn;x
723;86;210;71;baseek;x
724;85;132;61;netalta;x
725;169;105;142;elerhi;x
726;1;81;30;qathalli;x
727;43;108;28;timirai;x
728;2;24;95;rerhi;x
729;127;27;79;karuo;x
730;128;198;69;egisuo;x
731;3;12;90;wanila;x
732;43;165;73;wantuo;x
733;84;132;6;subying;x
734;84;129;41;kimala;x
735;171;60;72;namasad;x
736;43;78;23;ravanga;x
737;86;141;66;rubara;x
738;44;144;73;qosagos;x
739;44;189;3;qyasema;x
740;1;72;35;daracob;x
741;1;54;90;ronisa;x
742;168;138;7;aneetork;x
743;86;156;91;byasille;x
744;45;63;8;kamote;x
745;126;33;54;rigele;x
746;169;75;137;ebdoljo;x
747;3;126;25;samuko;x
748;129;9;54;wajote;x
749;44;150;3;kahory;x
750;44;141;8;tanele;x
751;0;75;90;tubyu;x
752;170;138;17;nionano;x
753;127;141;69;satateg;x
754;45;177;98;nyasoto;x
755;84;93;6;akojema;x
756;84;42;91;wyo;x
757;44;147;38;tantoor;x
758;129;66;99;anyo;x
759;1;159;30;kofyuk;x
760;86;42;56;avlergun;x
761;2;144;60;rivephen;x
762;43;27;8;delila;x
763;168;198;222;raladan;x
764;170;42;72;bettu;x
765;86;36;26;akehanna;x
766;171;72;87;tuigi;x
767;43;198;43;tabdidin;x
768;42;0;13;tatona;x
769;168;210;77;dizahar;x
770;0;96;0;tasidia;x
771;42;108;73;karahar;x
772;43;0;68;qona;x
773;86;204;41;kizida;x
774;2;162;5;loruigi;x
775;169;15;77;sivechun;x
776;168;21;52;banita;x
777;128;60;4;dalar;x
778;126;75;74;tagoyan;x
779;170;198;82;wyefalo;x
780;88;198;21;tutend;x
781;86;99;1;bolopher;x
782;169;69;57;ruteinn;x
783;169;159;72;tubasad;x
784;171;21;72;wisua;x
785;169;207;22;emubirai;x
786;86;66;76;ekamucha;x
787;129;39;59;sasirai;x
788;168;51;162;sanurna;x
789;88;39;1;rabduan;x
790;42;48;63;qumirai;x
791;86;9;86;netille;x
792;45;183;83;nyiai;x
793;87;96;91;temuluk;x
794;85;186;41;rindik;x
795;129;189;29;deinory;x
796;3;81;95;romavi;x
797;2;210;0;rakaim;x
798;46;111;13;tuayya;x
799;85;42;46;romanga;x
800;88;195;56;raks;x
801;170;69;67;retuke;x
802;171;150;42;lakobos;x
803;0;27;95;sanonne;x
804;86;42;1;eramyula;x
805;128;153;39;totaqar;x
806;169;201;37;begin;x
807;42;123;98;nisa;x
808;42;150;38;laulara;x
809;85;18;71;ladosz;x
810;44;195;88;lardus;x
811;170;12;22;kotama;x
812;87;111;71;qoneek;x
813;2;114;55;tabdirai;x
814;44;84;8;rosirai;x
815;42;90;28;refirai;x
816;3;156;30;remanjor;x
817;126;183;184;sifegin;x
818;1;204;15;duzoja;x
819;45;189;58;kya;x
820;1;3;75;wusodis;x
821;128;108;54;loluin;x
822;128;33;19;nifa;x
823;127;162;24;alimon;x
824;168;87;92;kyuvatun;x
825;85;150;6;saiew;x
826;129;57;49;wahint;x
827;86;90;51;tegoger;x
828;4;186;90;badokal;x
829;87;27;31;tadoger;x
830;86;3;1;kamernat;x
831;42;153;3;akarork;x
832;127;156;94;takacob;x
833;129;48;54;binipa;x
834;45;48;83;binanka;x
835;126;42;49;tohecca;x
836;1;120;30;sinanya;x
837;44;21;88;kohork;x
838;130;120;79;karadiq;x
839;2;201;5;bamala;x
840;44;108;38;edaumald;x
841;128;90;64;kadald;x
842;126;90;99;rerava;x
843;169;114;42;lakoka;x
844;2;27;60;kaumava;x
845;3;6;5;tyudilai;x
846;171;210;97;ryudaim;x
847;168;15;227;etolinda;x
848;84;63;1;deacob;x
849;87;168;61;rigayla;x
850;1;102;40;teodis;x
851;168;78;97;tucita;x
852;85;204;86;kyuvoljo;x
853;87;207;16;nogijah;x
854;172;165;22;tajyla;x
855;126;105;24;ranijah;x
856;45;108;93;dumiuva;x
857;3;144;15;kumoras;x
858;87;177;11;rabdote;x
859;88;105;41;bajunno;x
860;168;93;22;tabdijah;x
861;3;132;55;kuili;x
862;86;177;1;nohuwe;x
863;87;117;46;kasia;x
864;43;204;73;sityuk;x
865;84;144;66;tosadra;x
866;43;159;43;rohabet;x
867;43;87;18;taa;x
868;87;81;11;ekarasad;x
869;45;21;43;dyasork;x
870;128;6;79;lanail;x
871;85;138;46;raguna;x
872;0;210;90;reiruin;x
873;170;99;17;wereth;x
874;170;81;27;esumura;x
875;169;99;62;karuin;x
876;44;201;63;taneuta;x
877;2;168;35;taluna;x
878;46;180;18;lanoor;x
879;127;45;24;sosoisi;x
880;85;144;76;sorathi;x
881;172;51;32;darari;x
882;1;39;10;qilivka;x
883;170;66;47;bibirai;x
884;3;144;70;seola;x
885;45;144;28;necijah;x
886;127;192;29;wevavid;x
887;129;198;79;qeganca;x
888;87;54;26;ahecam;x
889;128;207;64;kaydam;x
890;86;162;76;relanca;x
891;84;192;221;damiek;x
892;3;36;10;qevuna;x
893;171;27;2;kavanca;x
894;88;72;71;anodaria;x
895;85;138;91;daxaicu;x
896;85;69;86;rajorg;x
897;44;171;58;ryuvuko;x
898;170;105;2;nasia;x
899;87;33;16;nukipac;x
900;126;186;44;lyataht;x
901;43;180;53;baath;x
902;4;96;75;emahork;x
903;43;141;98;binahad;x
904;84;117;26;kamald;x
905;43;66;63;kella;x
906;43;126;18;tusayla;x
907;0;186;220;rucius;x
908;129;114;94;tirerdeg;x
909;85;93;61;dizayla;x
910;128;120;14;qaning;x
911;84;21;81;temach;x
912;169;81;17;taluin;x
913;3;81;40;ebeneth;x
914;0;192;45;qotiel;x
915;43;63;43;tyigiel;x
916;42;117;173;ryiguke;x
917;85;105;21;nuke;x
918;171;90;32;bamoan;x
919;3;207;45;boses;x
920;169;129;67;rifara;x
921;45;201;73;ramabib;x
922;42;135;13;ejosayya;x
923;3;135;75;neneram;x
924;126;165;34;akakul;x
925;85;156;36;reek;x
926;44;93;58;qakapal;x
927;4;9;25;rosach;x
928;169;147;57;nay-ita;x
929;126;198;59;tebinda;x
930;127;3;59;nucodis;x
931;86;33;6;lajory;x
932;127;54;19;kabdele;x
933;169;24;72;bumiuva;x
934;43;123;53;aviuva;x
935;85;15;61;tubyla;x
936;128;180;79;akacob;x
937;85;111;6;dudak;x
938;43;30;28;tanita;x
939;86;153;81;lolaya;x
940;88;75;36;tuilaya;x
941;128;210;29;relaham;x
942;3;174;75;qacoriy;x
943;130;123;44;nolas;x
944;127;159;59;aclovya;x
945;86;6;21;savac;x
946;0;108;60;tacayya;x
947;88;138;11;wimaus;x
948;85;198;1;edreodat;x
949;171;186;22;taraya;x
950;43;171;3;barory;x
951;87;15;71;sopluk;x
952;126;105;79;dudavac;x
953;129;195;59;tandail;x
954;127;69;44;tephen;x
955;42;186;73;kaulara;x
956;3;195;30;konenes;x
957;86;72;6;nazi;x
958;87;141;76;qovya;x
959;84;102;1;kamaya;x
960;43;147;28;bilari;x
961;85;33;51;naya;x
962;45;72;58;narid;x
963;168;123;27;dacaya;x
964;45;132;68;avim;x
965;128;147;54;nigaus;x
966;3;48;70;enim;x
967;84;168;41;tanuraq;x
968;45;156;43;sarya;x
969;2;54;45;aline;x
970;170;87;57;ralata;x
971;168;60;52;rolajan;x
972;45;66;28;bizarya;x
973;128;195;4;qalastu;x
974;127;6;24;sata;x
975;46;207;58;bodahar;x
976;86;129;6;kosava;x
977;46;120;8;lalahar;x
978;86;105;31;kintis;x
979;127;180;69;qonoa;x
980;1;12;25;kalihan;x
981;86;21;46;sarana;x
982;42;165;18;kinidis;x
983;168;111;67;rivela;x
984;2;57;65;wuisila;x
985;130;156;14;rorajid;x
986;86;36;71;bevene;x
987;87;18;36;darapal;x
988;168;57;87;kamoger;x
989;171;183;57;qecanya;x
990;45;0;33;navaim;x
991;3;39;75;ralanka;x
992;2;120;40;ladiran;x
993;43;111;93;winipa;x
994;42;198;88;qakifa;x
995;126;84;69;etiska;x
996;43;177;88;tojasia;x
997;171;30;67;tenar;x
998;43;3;33;neetdat;x
999;42;117;68;larohn;x
1000;129;159;24;bamimhi;x
1001;168;45;27;kakovit;x
1002;44;27;18;laraud;x
1003;171;147;77;kojeka;x
1004;128;87;99;lermaham;x
1005;43;93;3;lacaka;x
1006;128;102;24;rayduti;x
1007;129;66;44;lahine;x
1008;87;186;6;kinnam;x
1009;2;183;60;talaud;x
1010;43;21;128;wumasin;x
1011;127;162;79;wilopher;x
1012;86;180;66;ennanca;x
1013;86;93;71;kotoses;x
1014;44;195;33;qarata;x
1015;3;99;85;wamain;x
1016;44;75;68;qajuda;x
1017;170;162;47;laiija;x
1018;169;90;12;syeruliu;x
1019;0;57;0;qorahar;x
1020;168;84;27;teonie;x
1021;169;45;132;keom;x
1022;84;57;71;woninge;x
1023;2;45;50;doratok;x
1024;1;9;5;rania;x
1025;127;129;9;tarayla;x
1026;3;165;80;rilopher;x
1027;42;3;78;tinnatan;x
1028;169;186;12;quradan;x
1029;127;69;99;rolayya;x
1030;130;183;54;epokatok;x
1031;129;78;59;kyakt;x
1032;126;12;44;karuliu;x
1033;2;180;50;losye;x
1034;171;165;67;escovit;x
1035;126;3;154;simaha;x
1036;86;132;16;qenaran;x
1037;86;174;36;nohela;x
1038;126;183;79;kieloa;x
1039;127;96;84;loranka;x
1040;87;129;61;atheorma;x
1041;169;165;2;aneetdat;x
1042;127;120;59;wenuna;x
1043;127;15;19;emunes;x
1044;44;84;63;edhamohn;x
1045;171;168;32;teloa;x
1046;45;132;13;nivilvi;x
1047;0;144;50;ajay-ius;x
1048;45;141;63;bamatta;x
1049;168;102;72;azwuigi;x
1050;172;114;7;talazi;x
1051;43;33;38;senuna;x
1052;171;48;12;relam;x
1053;85;195;36;naravid;x
1054;45;9;28;kentiy;x
1055;44;129;93;suke;x
1056;169;117;7;amucipac;x
1057;169;168;67;karius;x
1058;44;12;93;damapal;x
1059;127;147;99;duleda;x
1060;86;147;96;agevaani;x
1061;45;186;93;reye;x
1062;169;72;22;numathi;x
1063;129;42;69;neatda;x
1064;169;138;62;lineas;x
1065;3;93;55;tonumna;x
1066;1;57;55;bitacob;x
1067;45;129;48;karisa;x
1068;2;72;90;noanius;x
1069;44;144;18;taafa;x
1070;84;15;51;qohewal;x
1071;85;147;41;raxeda;x
1072;45;3;98;eposeru;x
1073;43;183;18;weetisa;x
1074;86;159;56;raneer;x
1075;45;126;38;regiek;x
1076;2;36;55;savam;x
1077;3;42;40;necaim;x
1078;87;162;31;waam;x
1079;0;99;170;sahain;x
1080;128;156;4;quduju;x
1081;2;156;20;ryer;x
1082;126;63;59;teluo;x
1083;87;108;51;tasanna;x
1084;3;168;45;ader-ura;x
1085;2;15;45;rahar;x
1086;0;159;75;warura;x
1087;170;60;17;lija;x
1088;2;141;95;ribah;x
1089;45;168;3;bevar;x
1090;1;123;95;tarolon;x
1091;88;9;96;baleba;x
1092;169;198;72;qevassa;x
1093;126;159;4;atelelec;x
1094;3;96;20;qoleek;x
1095;2;6;50;dasilvi;x
1096;168;201;82;dathed;x
1097;2;87;70;sanutar;x
1098;43;111;143;amelec;x
1099;127;48;89;agutar;x
1100;2;96;10;wabdurna;x
1101;44;141;53;kisasin;x
1102;169;51;12;qantala;x
1103;1;84;95;tahala;x
1104;43;186;83;rohasad;x
1105;86;39;36;tabdila;x
1106;168;150;67;roruigi;x
1107;3;201;60;sasurna;x
1108;170;150;32;doyan;x
1109;169;39;52;sye;x
1110;129;108;9;rajory;x
1111;86;201;76;toding;x
1112;172;81;37;sinina;x
1113;2;90;35;kubevit;x
1114;129;180;34;ejawandi;x
1115;171;96;62;becam;x
1116;127;93;74;akamud;x
1117;85;159;1;sasafu;x
1118;43;129;38;rijifa;x
1119;42;195;23;kubaul;x
1120;84;45;56;raulella;x
1121;2;63;40;welunes;x
1122;2;147;25;qeas;x
1123;2;105;60;liteodat;x
1124;168;183;37;tenina;x
1125;127;3;4;keba;x
1126;2;207;35;relumna;x
1127;43;54;48;qeanala;x
1128;126;150;9;kaararan;x
1129;170;3;72;rerudrd;x
1130;0;81;75;qamelo;x
1131;1;99;75;kareda;x
1132;3;66;15;rarolon;x
1133;86;63;11;rarata;x
1134;44;174;78;ebahapal;x
1135;129;210;39;kevas;x
1136;44;210;13;keted;x
1137;127;39;94;samugh;x
1138;86;168;6;namelec;x
1139;87;81;66;aputila;x
1140;3;198;50;latheek;x
1141;43;21;78;taxurna;x
1142;42;9;63;tielbat;x
1143;45;27;73;tikobos;x
1144;128;144;89;naarozar;x
1145;2;90;80;kumetar;x
1146;87;93;26;tajoa;x
1147;0;69;60;saroda;x
1148;44;42;43;laulint;x
1149;1;108;70;natur;x
1150;45;111;58;lalaad;x
1151;169;150;22;kermanie;x
1152;85;201;21;kiperzad;x
1153;128;189;74;kahele;x
1154;171;66;2;namote;x
1155;129;123;89;waregin;x
1156;129;54;84;binast;x
1157;170;192;52;rivilvi;x
1158;44;135;23;kahila;x
1159;127;183;89;tohunda;x
1160;85;51;41;wukaac;x
1161;84;198;46;tolaug;x
1162;1;198;30;sunala;x
1163;2;78;20;deones;x
1164;169;6;82;togyuk;x
1165;168;48;92;silati;x
1166;42;210;153;rolutar;x
1167;127;132;19;sahejan;x
1168;0;87;5;ryamong;x
1169;170;24;82;telumna;x
1170;85;171;61;salaud;x
1171;129;171;39;qizavid;x
1172;85;153;71;ameludan;x
1173;171;177;27;koheka;x
1174;85;48;31;kasew;x
1175;87;99;56;qeiruin;x
1176;87;147;6;luragos;x
1177;0;189;80;ehakoto;x
1178;87;204;96;toduigi;x
1179;44;81;43;niaged;x
1180;129;33;74;kanaud;x
1181;43;135;68;suludan;x
1182;1;135;10;kisuslo;x
1183;168;81;62;wagille;x
1184;169;54;32;totiel;x
1185;127;63;14;esvasia;x
1186;129;39;4;ekovke;x
1187;0;48;50;lajaicu;x
1188;46;144;83;larais;x
1189;168;75;32;anyigail;x
1190;127;39;39;tyla;x
1191;3;120;95;koshel;x
1192;45;195;43;kaluna;x
1193;42;30;18;kosz;x
1194;171;66;57;kyua;x
1195;171;45;47;limaim;x
1196;42;207;83;bijaim;x
1197;4;93;10;keluo;x
1198;169;141;27;weoripa;x
1199;170;48;57;sipac;x
1200;87;123;31;kanine;x
1201;128;0;49;qesuin;x
1202;3;123;60;benit;x
1203;84;96;71;sumobos;x
1204;127;153;29;sar;x
1205;130;177;24;rotandi;x
1206;168;117;97;senaran;x
1207;1;24;85;qahendi;x
1208;127;102;69;amegawit;x
1209;170;6;92;larahad;x
1210;0;162;40;nelaod;x
1211;43;120;43;qeneuta;x
1212;45;93;13;tamuti;x
1213;128;21;4;bawobos;x
1214;1;69;70;ebeas;x
1215;127;132;74;kopata;x
1216;43;114;58;losasin;x
1217;3;183;70;nekirek;x
1218;43;99;33;kadeliel;x
1219;170;141;37;tedunnar;x
1220;168;69;2;seetega;x
1221;126;210;224;tudaria;x
1222;44;51;38;lavuti;x
1223;126;210;19;tadaani;x
1224;169;21;62;tajijah;x
1225;84;36;61;nojinat;x
1226;3;48;25;qecanie;x
1227;129;60;14;waimita;x
1228;170;186;67;kamara;x
1229;45;18;78;doan;x
1230;3;27;15;rojayor;x
1231;170;171;42;noripa;x
1232;0;195;10;qamafa;x
1233;128;27;89;emarata;x
1234;170;174;7;nyudadiq;x
1235;168;177;7;dadaod;x
1236;129;201;44;tibokal;x
1237;1;156;65;elura;x
1238;128;39;49;qaroto;x
1239;3;162;60;layatar;x
1240;43;138;33;weledro;x
1241;45;204;38;daufoa;x
1242;170;117;62;kayabos;x
1243;2;0;20;kohila;x
1244;2;33;90;kareer;x
1245;84;201;11;damyer;x
1246;1;6;40;telapo;x
1247;127;210;74;taleis;x
1248;87;132;26;qeupana;x
1249;1;192;0;rana;x
1250;169;174;52;lacarid;x
1251;85;168;96;todayya;x
1252;85;144;21;kodeter;x
1253;170;195;17;doriy;x
1254;1;33;80;daraut;x
1255;87;90;6;lecund;x
1256;170;159;82;efagena;x
1257;42;204;18;tefari;x
1258;171;204;67;daline;x
1259;170;75;97;baline;x
1260;88;108;6;lint;x
1261;1;165;15;kieleka;x
1262;2;24;40;lauftun;x
1263;45;81;53;naulaqar;x
1264;126;60;94;bamaqar;x
1265;127;144;34;ruloja;x
1266;171;24;37;rotosz;x
1267;169;27;37;sardus;x
1268;86;120;56;tomew;x
1269;4;132;10;bomatha;x
1270;170;135;52;loma-va;x
1271;85;126;31;davana;x
1272;130;30;64;qunana;x
1273;130;147;19;sadaha;x
1274;126;129;99;rimatha;x
1275;2;120;85;kehamm;x
1276;129;63;79;namm;x
1277;0;78;55;liugaac;x
1278;170;114;97;kunaha;x
1279;1;87;60;wawuke;x
1280;128;99;59;wojri;x
1281;45;210;68;luigi;x
1282;45;99;43;lem;x
1283;86;60;46;natin;x
1284;43;123;8;kuin;x
1285;44;105;18;dolin;x
1286;168;27;82;agahim;x
1287;128;78;49;raneorge;x
1288;44;153;68;rarele;x
1289;44;123;63;bajokia;x
1290;130;117;14;tajeter;x
1291;1;129;80;togiuva;x
1292;43;6;53;kabdoras;x
1293;1;27;50;tend;x
1294;84;99;36;tabyo;x
1295;87;102;21;ryan;x
1296;170;0;7;tarija;x
1297;44;54;3;taiura;x
1298;169;78;52;ber-ona;x
1299;129;78;4;watisam;x
1300;169;33;22;korawfiq;x
1301;170;69;12;tanuigi;x
1302;126;117;39;wehija;x
1303;45;174;33;nivuliu;x
1304;85;3;46;kosita;x
1305;2;180;95;tucinni;x
1306;45;57;78;saryana;x
1307;84;84;56;ryaseda;x
1308;127;36;29;tonaham;x
1309;171;117;17;qajacob;x
1310;171;132;97;daraja;x
1311;168;153;32;sina;x
1312;170;183;2;tenilii;x
1313;1;30;15;qarote;x
1314;128;57;94;epeterhi;x
1315;169;93;32;eguifr;x
1316;3;84;60;lolakrim;x
1317;42;69;73;tahuo;x
1318;1;195;65;rohavak;x
1319;2;18;10;kimaha;x
1320;170;72;32;eralajan;x
1321;87;201;31;lonenes;x
1322;3;105;70;darying;x
1323;42;27;53;esumua;x
1324;170;138;72;qyaa;x
1325;43;87;73;libarid;x
1326;170;192;97;remach;x
1327;88;15;26;tana;x
1328;85;129;96;kyaqul;x
1329;84;3;91;deir;x
1330;169;111;22;rakana;x
1331;3;21;30;etaminde;x
1332;2;60;30;kena;x
1333;169;54;77;tuoja;x
1334;171;120;82;eskeir;x
1335;87;6;76;konne;x
1336;126;21;144;suzodan;x
1337;84;48;21;lavava;x
1338;169;180;27;betana;x
1339;0;147;15;raleka;x
1340;43;150;93;tizarya;x
1341;127;99;49;abeneth;x
1342;43;177;33;wazella;x
1343;3;78;75;tenaod;x
1344;85;15;6;woranka;x
1345;1;168;25;wunazi;x
1346;3;204;25;tuisipa;x
1347;128;48;44;neoan;x
1348;126;180;14;navabib;x
1349;126;99;94;talew;x
1350;126;24;59;rarork;x
1351;1;177;75;tukolad;x
1352;0;135;0;ramila;x
1353;84;159;46;kubacob;x
1354;0;126;5;kakiraja;x
1355;168;24;17;teojan;x
1356;44;102;53;dina;x
1357;45;99;98;ebeatda;x
1358;1;12;70;asardus;x
1359;44;6;8;syaevs;x
1360;42;36;48;ebdarie;x
1361;87;210;26;qirula;x
1362;3;189;0;waleka;x
1363;128;162;34;koloj;x
1364;85;54;61;ranoura;x
1365;2;33;35;soralrao;x
1366;170;102;82;kamipac;x
1367;44;18;68;kojeba;x
1368;170;108;67;ererdeg;x
1369;87;180;76;evali;x
1370;2;84;50;ebelude;x
1371;87;177;56;nitach;x
1372;87;3;11;ner-ona;x
1373;171;138;27;qyeferhi;x
1374;171;84;47;bobolad;x
1375;0;129;175;eboreth;x
1376;85;114;71;losinat;x
1377;128;111;74;rit;x
1378;171;102;92;karacob;x
1379;171;30;22;ezakeas;x
1380;129;105;99;nona;x
1381;87;60;1;tajenda;x
1382;128;117;49;datavid;x
1383;86;87;86;adeludan;x
1384;127;111;64;neleuta;x
1385;44;165;28;karuq;x
1386;128;75;84;toroor;x
1387;86;153;26;dajita;x
1388;127;33;64;wosai;x
1389;44;15;3;qohak;x
1390;129;75;94;kanajan;x
1391;0;171;35;lajoda;x
1392;42;201;53;saxohn;x
1393;85;21;91;tawa;x
1394;126;174;84;tohins;x
1395;2;207;90;abijesar;x
1396;86;108;96;kyer;x
1397;87;51;61;dosz;x
1398;87;171;26;lanius;x
1399;86;75;26;rivega;x
1400;129;15;29;benita;x
1401;2;126;15;waidana;x
1402;127;66;34;danagha;x
1403;129;135;49;weruna;x
1404;4;63;5;nekegin;x
1405;43;63;98;raufeka;x
1406;127;30;99;qonain;x
1407;85;75;16;kinapal;x
1408;87;144;41;tindila;x
1409;2;210;55;byamyi;x
1410;42;189;38;leirohn;x
1411;4;39;30;nagipa;x
1412;170;75;42;namint;x
1413;170;144;2;tireuta;x
1414;42;180;43;rirohn;x
1415;84;105;66;sireer;x
1416;171;93;97;alenes;x
1417;127;93;224;sahacob;x
1418;44;54;58;kakins;x
1419;45;36;23;amarma;x
1420;86;48;86;temyla;x
1421;43;81;88;kamyula;x
1422;126;132;64;wunanka;x
1423;44;99;88;takaug;x
1424;170;201;47;kazimon;x
1425;170;168;77;amoryuan;x
1426;46;84;73;dyailan;x
1427;3;159;95;ehimoa;x
1428;128;57;39;ezakille;x
1429;2;159;40;taganka;x
1430;130;3;24;lubele;x
1431;126;15;64;tyamilvi;x
1432;0;129;70;syuvodis;x
1433;128;51;9;baatun;x
1434;169;90;67;qarais;x
1435;1;162;50;welaud;x
1436;127;186;54;toisi;x
1437;2;21;75;wikenes;x
1438;129;204;9;welovai;x
1439;87;66;86;etubyula;x
1440;171;153;52;emayorhi;x
1441;3;204;80;kosari;x
1442;0;3;20;lotuke;x
1443;129;45;34;karaud;x
1444;3;153;65;esaloriy;x
1445;4;162;15;elastu;x
1446;129;99;69;apuke;x
1447;170;18;52;neinaud;x
1448;87;69;51;talaril;x
1449;45;90;48;kifyula;x
1450;43;117;78;sibidia;x
1451;4;192;20;tonast;x
1452;168;135;42;nerar;x
1453;86;6;66;telaran;x
1454;42;159;33;dubyula;x
1455;130;93;39;rahadda;x
1456;86;111;61;namuo;x
1457;46;210;23;lumann;x
1458;170;27;47;qareuta;x
1459;84;156;81;lonimon;x
1460;2;60;75;eleth;x
1461;44;90;93;kizuigi;x
1462;130;180;89;ateirek;x
1463;43;210;208;kodaod;x
1464;170;189;32;naharie;x
1465;130;0;59;eketani;x
1466;85;162;66;alajid;x
1467;172;18;62;ranaod;x
1468;87;198;66;kazara;x
1469;87;204;51;lumeba;x
1470;129;108;64;dagajid;x
1471;127;135;39;rahapal;x
1472;85;198;56;leraksa;x
1473;86;162;21;tadeba;x
1474;44;177;43;ebar;x
1475;171;96;7;tamius;x
1476;172;75;7;wereuta;x
1477;87;165;96;esumaud;x
1478;169;117;52;denann;x
1479;0;3;225;damella;x
1480;84;12;86;elekyula;x
1481;129;72;74;lokoda;x
1482;171;150;87;qegagos;x
1483;126;147;44;degapo;x
1484;128;30;54;enyea;x
1485;46;51;3;bitaria;x
1486;86;186;96;ehakita;x
1487;3;45;60;tahuone;x
1488;128;90;9;rarory;x
1489;126;189;9;tamegin;x
1490;128;87;44;abhucho;x
1491;168;156;52;rivicha;x
1492;45;162;18;nokalram;x
1493;45;180;63;afararan;x
1494;129;3;69;tiboman;x
1495;42;12;28;sovai;x
1496;43;3;88;ladanka;x
1497;1;36;45;nahava;x
1498;0;42;20;nodahim;x
1499;85;204;31;ryuvayla;x
1500;45;96;33;dareter;x
1501;170;159;27;walegin;x
1502;42;147;73;wanaul;x
1503;45;117;88;wageuta;x
1504;172;174;17;qalins;x
1505;171;117;72;warohn;x
1506;3;87;25;walozar;x
1507;1;129;25;kenes;x
1508;2;48;15;tyatuko;x
1509;1;132;45;winapal;x
1510;84;171;6;takius;x
1511;87;174;91;qeinavi;x
1512;87;114;81;nudahar;x
1513;3;21;85;rekyula;x
1514;3;180;5;sadelint;x
1515;170;156;62;ninahar;x
1516;0;24;30;keludan;x
1517;44;45;8;bisayla;x
1518;3;3;40;karassa;x
1519;1;75;45;korajid;x
1520;87;126;96;eseir;x
1521;128;3;14;segew;x
1522;171;177;82;lubapal;x
1523;171;123;2;asius;x
1524;42;144;8;wella;x
1525;1;21;20;sinecca;x
1526;87;120;66;tiorefan;x
1527;43;90;38;takagnus;x
1528;2;198;40;babha;x
1529;86;189;61;nekad;x
1530;87;54;71;raiida;x
1531;172;108;77;saruigi;x
1532;2;0;65;wuducho;x
1533;86;150;61;tubyuan;x
1534;128;150;19;nudirai;x
1535;86;15;16;kaya;x
1536;170;15;87;numacob;x
1537;1;69;15;tyula;x
1538;128;96;94;dimuo;x
1539;84;111;96;taulara;x
1540;44;171;13;beridena;x
1541;46;21;98;rekiel;x
1542;86;0;36;wonoan;x
1543;129;168;19;akamele;x
1544;85;84;66;kerina;x
1545;128;42;14;sarozar;x
1546;1;15;35;esuduju;x
1547;171;33;32;ruo;x
1548;85;174;26;rekoger;x
1549;170;180;37;lotella;x
1550;43;27;63;dyuvad;x
1551;2;186;25;qadoura;x
1552;172;111;42;kavipa;x
1553;44;36;13;siegoja;x
1554;85;69;136;eluvje;x
1555;129;15;84;sethua;x
1556;87;156;1;keis;x
1557;129;0;4;kodena;x
1558;42;78;68;qenda;x
1559;127;87;89;konyula;x
1560;45;93;68;rifester;x
1561;3;60;85;kanatun;x
1562;86;156;46;beneek;x
1563;169;201;92;kiket;x
1564;42;210;48;taba;x
1565;128;171;29;azluke;x
1566;127;78;94;dibaria;x
1567;129;30;9;rubirek;x
1568;171;189;42;bakania;x
1569;170;78;62;qyula;x
1570;171;54;97;karia;x
1571;171;129;32;winija;x
1572;2;138;30;raxirai;x
1573;170;177;72;sanava;x
1574;170;198;27;eforipa;x
1575;84;0;26;kahadro;x
1576;0;120;75;becolad;x
1577;128;114;39;wara;x
1578;45;183;28;kuraksa;x
1579;88;102;76;tonara;x
1580;87;21;56;nareth;x
1581;3;186;35;qiacar;x
1582;130;210;94;darit;x
1583;42;120;33;ahjoja;x
1584;128;36;84;nyigint;x
1585;170;12;67;reoses;x
1586;128;186;9;barazi;x
1587;42;174;13;raregin;x
1588;129;93;84;dalimon;x
1589;2;204;70;qisosz;x
1590;128;105;89;lamaim;x
1591;127;186;204;bamella;x
1592;129;45;89;linano;x
1593;43;201;8;sakork;x
1594;0;153;45;ateiel;x
1595;129;102;34;ruin;x
1596;42;75;3;ninanka;x
1597;44;138;43;qolirai;x
1598;42;45;98;taliana;x
1599;171;174;62;sakifa;x
1600;127;123;129;barita;x
1601;171;192;7;weoan;x
1602;45;153;78;rifoses;x
1603;129;84;89;tara;x
1604;129;51;19;edoja;x
1605;129;153;94;sibani;x
1606;171;105;57;betatha;x
1607;171;93;42;nasa;x
1608;171;198;37;akiroa;x
1609;1;198;85;wasiel;x
1610;170;21;17;kadecca;x
1611;43;12;83;tiacoj;x
1612;44;207;48;sear;x
1613;170;147;67;sirek;x
1614;169;84;37;qanenes;x
1615;86;45;21;kaluke;x
1616;86;186;51;etubirek;x
1617;0;177;20;nalawma;x
1618;3;69;80;wifara;x
1619;87;180;21;lelozar;x
1620;45;72;3;tinahad;x
1621;129;138;69;amahacob;x
1622;43;174;68;tubecca;x
1623;169;21;7;rahille;x
1624;171;171;97;derudrd;x
1625;168;195;52;wagaug;x
1626;169;144;92;kohiami;x
1627;87;201;86;esanaug;x
1628;126;102;59;egamily;x
1629;129;189;84;nik;x
1630;43;60;78;qonenes;x
1631;170;168;22;teinura;x
1632;86;126;86;nisana;x
1633;127;159;14;nineka;x
1634;169;192;42;samyula;x
1635;1;78;65;dualis;x
1636;0;90;70;tiegew;x
1637;4;123;15;ranann;x
1638;0;204;60;suzniq;x
1639;87;51;6;tifaqar;x
1640;0;156;215;suripaz;x
1641;128;123;34;qayti;x
1642;44;204;28;kahnou;x
1643;129;27;44;keneth;x
1644;127;123;79;etanila;x
1645;43;195;78;kamoses;x
1646;168;171;77;laloa;x
1647;2;177;85;eragahad;x
1648;169;81;72;toliami;x
1649;44;57;23;tahanka;x
1650;130;33;29;sahins;x
1651;168;204;47;adiami;x
1652;171;18;7;derunnar;x
1653;86;27;76;redaug;x
1654;44;105;73;tirann;x
1655;171;3;27;dareuta;x
1656;171;63;92;kubanya;x
1657;172;141;47;loripa;x
1658;129;165;9;rimunai;x
1659;2;117;20;qiatipa;x
1660;85;195;91;dunahad;x
1661;45;39;33;torutlu;x
1662;87;120;11;kumine;x
1663;1;75;0;qamire;x
1664;45;15;13;tarudo;x
1665;46;174;88;damida;x
1666;170;6;37;amaging;x
1667;129;165;54;tijunai;x
1668;1;63;135;larunai;x
1669;1;135;55;kaheger;x
1670;44;114;68;evimadiq;x
1671;170;165;57;kevire;x
1672;45;105;28;lagoriy;x
1673;85;120;1;licyi;x
1674;128;204;54;sokelet;x
1675;43;207;93;qisautas;x
1676;84;114;61;kicida;x
1677;42;60;23;larert;x
1678;1;153;0;rarilai;x
1679;45;147;93;lisida;x
1680;171;42;82;sakaim;x
1681;43;168;38;kumida;x
1682;4;99;40;saceph;x
1683;171;51;77;koruisa;x
1684;85;105;76;rudo;x
1685;1;105;5;acludo;x
1686;87;174;46;tuslo;x
1687;168;18;87;kimeir;x
1688;128;201;34;teymert;x
1689;87;57;36;kyoi;x
1690;87;159;66;qiran;x
1691;127;183;34;raduisa;x
1692;85;99;141;duelle;x
1693;127;156;49;nacaim;x
1694;43;24;43;keulami;x
1695;170;189;87;ragoriy;x
1696;45;60;43;bulia;x
1697;84;24;46;king;x
1698;2;117;75;eludedek;x
1699;45;159;8;winoras;x
1700;171;141;92;borine;x
1701;86;165;41;kyee;x
1702;44;30;83;roban;x
1703;85;102;56;qudedek;x
1704;126;66;24;ebernia;x
1705;3;84;5;wijelet;x
1706;0;183;50;nernudo;x
1707;44;162;63;eriobn;x
1708;127;30;44;aglril;x
1709;169;153;42;rernlo;x
1710;168;42;62;taguslo;x
1711;171;87;12;rahesa;x
1712;3;33;45;akliran;x
1713;2;42;85;tagert;x
1714;84;162;11;soralan;x
1715;2;153;10;rawick;x
1716;1;165;60;qeymuslo;x
1717;168;147;2;dorine;x
1718;3;105;15;rinoses;x
1719;129;132;84;lamudo;x
1720;127;126;89;raloras;x
1721;170;144;152;armatan;x
1722;44;150;153;karala;x
1723;128;156;154;wamatan;x
1724;2;162;155;revaim;x
1725;86;168;156;nanoor;x
1726;170;174;157;akegaham;x
1727;44;180;158;kamaam;x
1728;128;186;159;neonca;x
1729;2;192;160;basina;x
1730;86;198;161;laravid;x
1731;170;204;162;taarasia;x
1732;44;210;163;keneba;x
1733;128;3;164;denoura;x
1734;2;9;165;ekajan;x
1735;86;15;166;wuneas;x
1736;170;21;167;kotaod;x
1737;44;27;168;wanuida;x
1738;128;33;169;watupo;x
1739;2;39;170;rumeba;x
1740;86;45;171;balaud;x
1741;170;51;172;doteas;x
1742;44;57;173;kaheran;x
1743;128;63;174;wisa;x
1744;2;69;175;abereba;x
1745;86;75;176;agroura;x
1746;170;81;177;ravam;x
1747;44;87;178;tateas;x
1748;128;93;179;leliek;x
1749;2;99;180;kaserzad;x
1750;86;105;181;risna;x
1751;170;111;182;naneba;x
1752;44;117;183;wahuida;x
1753;128;123;184;kabdewal;x
1754;2;129;185;baaminai;x
1755;43;63;148;tasit;x
1756;127;69;149;taarozar;x
1757;1;75;150;boiteba;x
1758;85;81;151;kahiye;x
1759;169;87;152;teodat;x
1760;43;93;153;qoreda;x
1761;127;99;154;nielita;x
1762;1;105;155;rajare;x
1763;128;183;194;ranaud;x
1764;2;189;195;kanandi;x
1765;86;195;196;alaxeth;x
1766;85;111;156;alekail;x
1767;169;117;157;eboroman;x
1768;128;0;199;kaatun;x
1769;2;6;200;sogura;x
1770;86;12;201;erua;x
1771;170;18;202;kinandi;x
1772;44;24;203;atheoran;x
1773;128;30;204;roranda;x
1774;2;36;205;nyatayla;x
1775;86;42;206;etselo;x
1776;170;48;207;rarorg;x
1777;44;54;208;erajeth;x
1778;128;60;209;saret;x
1779;2;66;210;somuwe;x
1780;86;72;211;kavohn;x
1781;170;78;212;aponaicu;x
1782;44;84;213;kogeda;x
1783;128;90;214;tajyer;x
1784;2;96;215;kumaret;x
1785;86;102;216;kerasia;x
1786;170;108;217;rakoda;x
1787;44;114;218;teveka;x
1788;128;120;219;talapo;x
1789;2;126;220;sorais;x
1790;86;132;221;bokund;x
1791;170;138;222;qurille;x
1792;44;144;223;qana;x
1793;128;150;224;satoda;x
1794;2;156;225;buracob;x
1795;86;162;226;kegeru;x
1796;170;168;227;sana;x
1797;44;174;128;acuman;x
1798;128;180;129;asuducho;x
1799;2;186;130;nanodis;x
1800;86;192;131;nagija;x
1801;44;204;133;dajawit;x
1802;128;210;134;nyuning;x
1803;2;3;135;karyuk;x
1804;86;9;136;abelim;x
1805;170;15;137;dosoor;x
1806;128;27;139;raseinn;x
1807;2;33;140;saried;x
1808;86;39;141;lerujin;x
1809;170;45;142;ejhapa;x
1810;44;51;143;wisirai;x
1811;128;57;144;taravak;x
1812;2;63;145;lahucha;x
1813;86;69;146;rajyi;x
1814;170;75;147;qaysan;x
1815;44;81;148;keojan;x
1816;128;87;149;rahpq;x
1817;2;93;150;wabdavak;x
1818;86;99;151;nenude;x
1819;170;105;152;kabyan;x
1820;44;111;153;qyan;x
1821;128;117;154;nitegin;x
1822;2;123;155;wotolas;x
1823;86;129;156;ranna;x
1824;170;135;157;wavava;x
1825;44;141;158;kolaya;x
1826;128;147;159;loter;x
1827;2;153;160;ejudolas;x
1828;86;159;161;boloul;x
1829;170;165;162;radahim;x
1830;44;171;163;nasegin;x
1831;128;177;164;amaranga;x
1832;2;183;165;byunah;x
1833;86;189;166;kibahar;x
1834;170;195;167;qajan;x
1835;44;201;168;aqara;x
1836;128;207;169;karuigi;x
1837;2;0;170;qilach;x
1838;86;6;171;balosye;x
1839;170;12;172;qanasad;x
1840;44;18;173;bolerhi;x
1841;128;24;174;wujujie;x
1842;2;30;175;wajan;x
1843;86;36;176;qiudar;x
1844;170;42;177;saruvje;x
1845;44;48;178;abayine;x
1846;128;54;179;sinuin;x
1847;2;60;180;teinita;x
1848;86;66;181;boshel;x
1849;170;72;182;solastu;x
1850;44;78;183;kimaksa;x
1851;128;84;184;rarya;x
1852;2;90;185;teneka;x
1853;86;96;186;qivins;x
1854;170;102;187;ralit;x
1855;44;108;188;birit;x
1856;128;114;189;rarins;x
1857;2;120;190;nahihan;x
1858;86;126;191;ehjeth;x
1859;170;132;192;emubork;x
1860;44;138;193;kagoa;x
1861;128;144;194;kakanka;x
1862;2;150;195;quisipa;x
1863;86;156;196;lareer;x
1864;170;162;197;kara;x
1865;44;168;198;taveka;x
1866;128;174;199;difegin;x
1867;2;180;200;talad;x
1868;86;186;201;takomez;x
1869;170;192;202;nyuvint;x
1870;44;198;203;sanegin;x
1871;128;204;204;kunahad;x
1872;2;210;205;riel;x
1873;86;3;206;kaulirek;x
1874;170;9;207;etekint;x
1875;44;15;208;risiala;x
1876;128;21;209;amahegin;x
1877;2;27;210;kamutlu;x
1878;86;33;211;kudegin;x
1879;170;39;212;qadirgen;x
1880;44;45;213;recad;x
1881;2;57;215;aklirma;x
1882;86;63;216;lumida;x
1883;170;69;217;nudagha;x
1884;128;81;219;torala;x
1885;2;87;220;qonabr;x
1886;86;93;221;ribirma;x
1887;170;99;222;edaaq;x
1888;44;105;223;esomeir;x
1889;128;111;224;kijudah;x
1890;2;117;225;berning;x
1891;86;123;226;qernlu;x
1892;170;129;227;dernat;x
1893;44;135;128;wokelet;x
1894;128;141;129;dorulad;x
1895;2;147;130;radala;x
1896;86;153;131;numokal;x
1897;170;159;132;rarine;x
1898;44;165;133;esir;x
1899;128;171;134;riran;x
1900;86;183;136;dalan;x
1901;170;189;137;nudokal;x
1902;44;195;138;dagalan;x
1903;2;207;140;navanca;x
1904;2;141;200;ekanavid;x
1905;128;165;204;tavuman;x
1906;170;0;212;bamote;x
1907;44;66;223;annuti;x
1908;44;210;218;dekius;x
1909;129;150;179;emaheran;x
1910;129;147;214;winengar;x
1911;129;87;204;tigeka;x
1912;171;102;142;kisarbai;x
1913;171;132;147;tekeka;x
1914;3;33;195;kinanda;x
1915;171;165;217;kekima;x
1916;45;51;198;anaria;x
1917;45;171;218;someus;x
1918;87;36;131;kalric;x
1919;87;189;221;ekue;x
1920;171;135;212;eteula;x
1921;87;159;216;werge;x
1922;87;129;211;egerge;x
1923;45;21;193;wya;x
1924;87;126;146;qaytiero;x
1925;3;0;225;kaoji;x
1926;3;60;135;wima;x
1927;129;177;219;tayaay;x
1928;3;153;215;waham;x
1929;45;108;143;tekagni;x
1930;87;9;191;baralio;x
1931;87;39;196;atugno;x
1932;171;42;132;wiseka;x
1933;45;81;203;runaham;x
1934;87;6;226;tubafiz;x
1935;87;69;201;arush;x
1936;45;48;133;sesay;x
1937;3;3;190;elubuke;x
1938;87;66;136;siero;x
1939;3;123;210;laoji;x
1940;3;183;220;kariero;x
1941;45;201;223;ramush;x
1942;3;93;205;raheay;x
1943;3;30;130;ressa;x
1944;3;120;145;laret;x
1945;171;75;202;wisinor;x
1946;45;78;138;dartay;x
1947;129;54;134;ruver;x
1948;171;45;197;terge;x
1949;129;57;199;keomeus;x
1950;129;114;144;ligerge;x
1951;87;99;206;baham;x
1952;45;138;148;dengar;x
1953;129;144;149;nisula;x
1954;3;150;150;receph;x
1955;87;156;151;amomeus;x
1956;171;162;152;byasessa;x
1957;45;168;153;rireter;x
1958;129;174;154;teviuva;x
1959;3;180;155;etocic;x
1960;87;186;156;rulagni;x
1961;171;192;157;kagora;x
1962;45;198;158;kagessa;x
1963;129;204;159;tulessa;x
1964;3;210;160;teupiero;x
1965;87;3;161;dagaoji;x
1966;171;9;162;dalio;x
1967;45;15;163;liudorm;x
1968;3;177;190;nahalo;x
1969;45;159;158;sarund;x
1970;171;87;217;kanutar;x
1971;87;48;146;seetisa;x
1972;3;159;200;kamapa;x
1973;45;48;188;kivude;x
1974;130;111;134;karoda;x
1975;46;9;188;akiruna;x
1976;172;195;27;araneda;x
1977;4;120;50;wemanhad;x
1978;46;0;193;kyaad;x
1979;46;90;208;naleth;x
1980;130;186;224;bumanda;x
1981;46;57;138;ralrao;x
1982;4;69;140;naret;x
1983;172;186;32;sima;x
1984;130;198;34;dunoul;x
1985;46;9;38;reph;x
1986;46;114;183;kibena;x
1987;4;3;200;nibawa;x
1988;4;138;95;lawa;x
1989;172;210;7;kateka;x
1990;88;141;31;renuin;x
1991;4;210;170;nima;x
1992;88;153;196;sibula;x
1993;172;204;77;daret;x
1994;4;99;95;qikaret;x
1995;4;114;225;toloul;x
1996;130;198;139;sineer;x
1997;172;168;42;emaret;x
1998;172;30;182;dorula;x
1999;130;192;209;rohoul;x
2000;88;51;221;digima;x
2001;131;204;19;duzniq;x
2002;131;81;34;rifaqar;x
2003;47;90;163;qekiel;x
2004;173;129;42;raniel;x
2005;131;75;4;bagotus;x
2006;89;24;31;qerge;x
2007;131;84;204;renuna;x
2008;47;150;23;degiana;x
2009;173;81;47;warokal;x
2010;89;135;56;amalter;x
2011;131;60;79;sernlu;x
2012;5;171;225;tisanca;x
2013;47;21;8;worulad;x
2014;173;42;47;qumegin;x
2015;89;51;176;barirma;x
2016;173;87;182;risoger;x
2017;5;135;190;emaba;x
2018;89;63;86;libala;x
2019;47;165;3;birma;x
2020;5;207;10;tumuisa;x
2021;47;27;143;damekel;x
2022;131;198;44;amicing;x
2023;131;30;179;eharuslo;x
2024;48;156;8;qerania;x
2025;48;171;138;dedaug;x
2026;132;207;144;baumaug;x
2027;132;39;24;wedald;x
2028;48;153;43;ryoo;x
2029;174;24;57;rinick;x
2030;48;45;188;sanoban;x
2031;6;132;75;bakaug;x
2032;6;129;10;sokeph;x
2033;174;183;182;detagan;x
2034;6;81;165;qerayan;x
2035;132;105;169;tekoyan;x
2036;132;165;179;eferagan;x
2037;6;111;170;atsinos;x
2038;48;129;173;qina;x
2039;132;75;164;qisano;x
2040;90;147;176;tekano;x
2041;174;93;167;saseph;x
2042;174;63;162;tekayan;x
2043;48;189;183;biseph;x
2044;174;153;177;amekim;x
2045;132;45;159;sonaha;x
2046;6;141;175;koraria;x
2047;48;99;168;nisim;x
2048;90;177;181;retayan;x
2049;48;159;178;negokia;x
2050;90;57;161;elupim;x
2051;132;195;184;retilay;x
2052;132;135;174;kasonda;x
2053;48;69;163;retinos;x
2054;132;120;44;kasilay;x
2055;6;126;45;kaubeph;x
2056;6;201;185;rolava;x
2057;6;78;200;setoyan;x
2058;174;120;207;daceila;x
2059;6;150;20;dirawuj;x
2060;174;42;2;rerawuj;x
2061;174;102;12;savefan;x
2062;174;39;37;qutefan;x
2063;132;144;19;kanazja;x
2064;48;168;23;amakefan;x
2065;6;30;0;kirocic;x
2066;90;63;41;lebenda;x
2067;90;156;21;wyaa;x
2068;90;186;26;tupaghu;x
2069;90;33;36;tesonno;x
2070;6;60;5;qato;x
2071;6;180;25;evonno;x
2072;174;69;42;koseth;x
2073;132;54;4;dyuin;x
2074;174;72;7;keceka;x
2075;48;18;98;niriza;x
2076;132;84;9;lakawuj;x
2077;48;48;3;terana;x
2078;174;162;22;kutonse;x
2079;48;198;28;recawuj;x
2080;48;45;38;radude;x
2081;6;90;10;kadato;x
2082;6;27;35;qereth;x
2083;132;114;14;rerefan;x
2084;132;24;99;kivana;x
2085;48;75;43;rivayaxi;x
2086;132;21;34;qiesanca;x
2087;90;126;16;kivalotl;x
2088;90;93;46;kadocic;x
2089;48;108;13;nenecol;x
2090;6;57;40;renanca;x
2091;90;3;31;tecato;x
2092;132;51;39;terefan;x
2093;174;132;17;sioriza;x
2094;132;204;29;berepe;x
2095;90;36;1;reralotl;x
2096;132;174;24;syee;x
2097;48;78;8;qosecol;x
2098;90;66;6;edazja;x
2099;48;138;18;byoluk;x
2100;6;120;15;kutato;x
2101;174;9;32;raudiza;x
2102;90;96;11;tyoatl;x
2103;48;15;33;tesecol;x
2104;6;165;150;nakazja;x
2105;132;189;154;rekano;x
2106;6;96;145;nizaac;x
2107;90;102;146;tarita;x
2108;42;117;218;;x
2109;168;78;147;;x
2110;168;54;172;;x
2111;126;63;209;;x
2112;84;105;216;;x
2113;126;96;179;;x
2114;168;117;147;;x
2115;84;111;146;;x
2116;168;81;212;;x
2117;0;54;80;;x
2118;42;120;183;;x
2119;126;129;149;;x
2120;44;156;138;;x
2121;42;72;83;;x
2122;0;126;155;;x
2123;0;195;160;;x
2124;170;21;222;;x
2125;126;108;89;;x
2126;0;177;65;;x
2127;84;183;66;;x
2128;42;150;188;;x
2129;84;30;76;;x
2130;42;57;208;;x
2131;171;189;192;;x
2132;42;0;163;;x
2133;86;210;176;;x
2134;0;66;145;;x
2135;87;141;226;;x
2136;42;27;203;;x
2137;42;183;158;;x
2138;168;204;197;;x
2139;168;201;132;;x
2140;168;177;157;;x
2141;126;3;199;;x
2142;0;36;140;;x
2143;168;18;137;;x
2144;168;108;152;;x
2145;126;69;139;;x
2146;0;72;175;;x
2147;0;75;140;;x
2148;84;18;166;;x
2149;126;66;174;;x
2150;168;87;142;;x
2151;3;30;185;;x
2152;173;192;222;;x
2153;0;99;215;;x
2154;84;72;146;;x
2155;0;69;210;;x
2156;42;180;193;;x
2157;168;171;227;;x
2158;84;165;226;;x
2159;45;177;203;;x
2160;42;132;93;;x
2161;129;198;129;;x
2162;84;21;131;;x
2163;84;141;151;;x
2164;0;12;165;;x
2165;130;75;199;;x
2166;42;54;143;;x
2167;6;186;55;;x
2168;132;33;199;;x
2169;84;138;186;;x
2170;126;183;129;;x
2171;84;78;176;;x
2172;126;15;9;;x
2173;84;135;221;;x
2174;168;84;177;;x
2175;132;123;214;;x
2176;84;42;141;;x
2177;174;132;167;;x
2178;126;93;214;;x
2179;174;96;82;;x
2180;126;45;14;;x
2181;168;33;12;;x
2182;42;33;133;;x
2183;132;192;219;;x
2184;0;15;130;;x
2185;42;147;223;;x
2186;84;168;191;;x
2187;126;99;144;;x
2188;0;51;15;;x
2189;168;111;217;;x
2190;42;63;138;;x
2191;168;51;207;;x
2192;84;132;156;;x
2193;126;30;139;;x
2194;168;66;82;;x
2195;90;78;171;;x
2196;174;6;217;;x
2197;48;156;213;;x
2198;84;15;201;;x
2199;126;123;219;;x
2200;0;204;5;;x
2201;172;141;152;;x
2202;42;210;198;;x
2203;126;168;99;;x
2204;46;126;93;;x
2205;46;45;73;;x
2206;168;3;7;;x
2207;42;9;8;;x
2208;42;30;168;;x
2209;42;207;133;;x
2210;84;150;96;;x
2211;84;180;1;;x
2212;88;78;56;;x
2213;3;144;220;;x
2214;0;189;130;;x
2215;131;105;9;;x
2216;131;111;39;;x
2217;126;198;4;;x
2218;168;186;2;;x
2219;46;60;53;;x
2220;168;147;152;;x
2221;168;138;157;;x
2222;126;153;224;;x
2223;131;159;194;;x
2224;130;21;174;;x
2225;47;207;218;;x
2226;130;6;44;;x
2227;0;135;150;;x
2228;168;207;162;;x
2229;0;42;170;;x
2230;0;24;75;;x
2231;126;18;74;;x
2232;126;33;204;;x
2233;90;204;221;;x
2234;126;0;134;;x
2235;168;141;222;;x
2236;126;60;144;;x
2237;89;84;96;;x
2238;174;30;192;;x
2239;126;84;14;;x
2240;42;12;73;;x
2241;0;159;225;;x
2242;126;189;159;;x
2243;84;198;196;;x
2244;126;48;79;;x
2245;5;201;80;;x
2246;168;6;72;;x
2247;126;39;134;;x
2248;168;48;142;;x
2249;47;57;148;;x
2250;126;78;84;;x
2251;131;99;79;;x
2252;126;126;184;;x
2253;84;12;136;;x
2254;42;42;78;;x
2255;173;96;177;;x
2256;0;132;185;;x
2257;88;78;206;;x
2258;84;27;11;;x
2259;84;87;21;;x
2260;168;63;17;;x
2261;0;81;20;;x
2262;42;69;18;;x
2263;3;96;225;;x
2264;171;114;157;;x
2265;42;3;128;;x
2266;168;27;132;;x
2267;168;144;187;;x
2268;84;48;171;;x
2269;42;123;148;;x
2270;0;102;180;;x
2271;84;45;206;;x
2272;0;192;195;;x
2273;0;84;85;;x
2274;168;96;87;;x
2275;0;207;70;;x
2276;0;96;150;;x
2277;168;21;202;;x
2278;42;102;88;;x
2279;168;189;67;;x
2280;42;195;68;;x
2281;126;201;69;;x
2282;168;36;77;;x
2283;84;90;86;;x
2284;0;114;90;;x
2285;168;126;92;;x
2286;89;117;216;;x
2287;168;156;97;;x
2288;42;162;98;;x
2289;84;210;6;;x
2290;45;54;163;;x
2291;87;132;176;;x
2292;129;63;184;;x
2293;46;39;193;;x
2294;88;90;16;;x
2295;4;174;30;;x
2296;130;12;74;;x
2297;130;24;139;;x
2298;172;42;92;;x
2299;131;6;149;;x
2300;5;42;155;;x
2301;47;45;28;;x
2302;131;174;69;;x
2303;131;6;204;;x
2304;47;30;208;;x
2305;47;75;88;;x
2306;6;168;10;;x
2307;90;81;31;;x
2308;132;15;4;;x
